Top consultas,Cliques,Impressões,CTR,Posição
shine cortinas,20,86,23.26%,1.76
altura cortina,4,131,3.05%,3.67
tecido para forro de cortina,3,451,0.67%,9.42
forro de cortina tecido,3,156,1.92%,8.79
forro para cortina,2,661,0.3%,10.11
forro de cortina,2,568,0.35%,9.77
forro cortina,2,274,0.73%,9.97
qual a altura da cortina no chão,1,242,0.41%,7.8
altura ideal para cortina de sala,1,187,0.53%,4.65
altura de cortina para sala,1,111,0.9%,4.14
qual o melhor tecido para forro de cortina,1,109,0.92%,4.63
altura de cortina,1,107,0.93%,3.6
altura ideal para cortina de quarto,1,97,1.03%,4.32
altura da cortina,1,90,1.11%,3.64
cortina para chalé,1,90,1.11%,9.01
altura da cortina acima da janela,1,76,1.32%,6.28
tabela de medidas de cortinas,1,76,1.32%,10.91
altura da cortina do teto,1,55,1.82%,3.64
qual o melhor forro para cortina de voil,1,55,1.82%,5.55
cortina para chale,1,55,1.82%,8.27
como escurecer o quarto,1,53,1.89%,9.51
tecidos para forro de cortina,1,46,2.17%,9.76
altura ideal cortina,1,44,2.27%,2.91
tecido para forro de cortina barato,1,40,2.5%,10.43
qual a altura ideal para cortina de quarto,1,35,2.86%,3.69
altura correta da cortina do chao,1,34,2.94%,4.79
calculadora de tecido para cortina wave,1,34,2.94%,9.41
altura padrão de cortina,1,31,3.23%,3.35
altura para colocar varão de cortina,1,29,3.45%,7.14
altura de cortinas,1,28,3.57%,5.25
cortina blackout shine,1,28,3.57%,8.64
altura de cortinas para sala,1,23,4.35%,3.35
altura de cortina de sala,1,22,4.55%,3.77
cortinas para chalé,1,11,9.09%,10.45
loja de persianas perto de mim,1,8,12.5%,4.25
loja de cortinas perto de mim,1,5,20%,2.6
cortina para chale aframe,1,5,20%,6.8
cortina sala persiana,1,1,100%,1
empresa de persianas,1,1,100%,1
o que é blackout,0,1466,0%,10.96
o'que é blackout,0,129,0%,10.95
altura cortina janela quarto,0,122,0%,7.35
medida de cortina o que vem primeiro altura ou largura,0,117,0%,8.72
bainha cortina,0,107,0%,8.36
tecido forro de cortina,0,96,0%,9.21
altura de cortina para quarto,0,95,0%,4.35
altura da cortina do chão,0,94,0%,7.85
o que vem primeiro altura ou largura cortina,0,88,0%,7.07
bainha de cortina,0,81,0%,8.81
qual a altura certa para colocar o varão da cortina,0,80,0%,9.68
altura cortina sala,0,76,0%,4.11
oq e blackout,0,68,0%,10.35
como fazer cortina para chalé,0,63,0%,7.73
qual altura a cortina deve ficar do chao,0,62,0%,8.44
casa shine,0,62,0%,8.9
o que e blackout,0,61,0%,10.54
o que que é blackout,0,54,0%,11.35
oq é blackout,0,49,0%,10.96
altura do varao de cortina,0,48,0%,6.98
cortina altura,0,44,0%,3.82
bainha da cortina,0,44,0%,8.36
tecido forro cortina,0,43,0%,9.07
quantos metros de cortina para uma parede de 3 metros,0,43,0%,10.91
bainha em cortina,0,39,0%,8.26
altura padrão de cortina de sala,0,38,0%,4
cortina chale a frame,0,37,0%,5.22
tamanho bainhas cortinados,0,35,0%,7.83
forro para cortinas,0,35,0%,10.46
o que significa blackout,0,33,0%,12
teto altura,0,32,0%,10.59
altura padrão cortina sala,0,31,0%,3.35
forro para cortina pronto,0,30,0%,11.63
o que é blackout?,0,29,0%,10.41
o'que e blackout,0,28,0%,11.18
medidas padrão de cortinas,0,27,0%,10.07
distancia cortina parede,0,26,0%,7.92
altura ideal para varao de cortina,0,25,0%,6.52
qual a altura certa da cortina da sala,0,23,0%,5.13
qual a altura ideal para colocar o varao de cortina,0,23,0%,7.78
tecido para forro de cortina blackout,0,22,0%,10.82
tecido forro para cortina,0,21,0%,9.86
oque é blackout,0,21,0%,10.81
altura correta cortina sala,0,20,0%,3.75
cortinas para chalés,0,20,0%,9.5
altura cortineiro,0,20,0%,10.15
casa shine barra mansa,0,19,0%,10.11
tamanho de cortina para parede de 3 metros,0,19,0%,10.58
altura ideal para cortina de janela,0,17,0%,4.35
altura cortinas,0,17,0%,19.06
quantos centímetros a cortina deve ficar do chão,0,16,0%,8.69
altura teto,0,16,0%,9.56
altura do teto,0,16,0%,10.56
como medir cortina para quarto,0,15,0%,10.53
tamanho ideal cortina,0,15,0%,18.27
cortina 3 metros de altura,0,14,0%,4.21
altura varão cortina,0,14,0%,7
o que significa black out,0,14,0%,10.93
o que blackout,0,14,0%,11.14
o que é um blackout,0,13,0%,11.54
cortina tamanho ideal,0,13,0%,18.69
altura cortina quarto,0,11,0%,4.27
quantos centímetros a cortina tem que ficar do chão,0,11,0%,9.73
loja de cortinas,0,11,0%,9.91
regras para colocar cortinas,0,11,0%,10.09
como medir cortina para sala,0,11,0%,10.82
blackout significa,0,11,0%,11.09
blackout significado,0,11,0%,13.18
revestidores de cortina,0,10,0%,1
altura da cortina na janela,0,10,0%,5.4
cortina de microfibra é boa,0,10,0%,7.2
altura cortina chão,0,9,0%,4.67
cortina de chale,0,9,0%,11.22
tamanho de cortina,0,9,0%,23.56
cortinas rj,0,9,0%,49.78
persiana rj,0,9,0%,54
cortina,0,8,0%,1.25
loja de cortina,0,8,0%,3.62
sunshine persianas,0,8,0%,30.5
qual altura ideal para cortina de quarto,0,7,0%,4.43
quantos cm a cortina deve ficar do chão,0,7,0%,8.71
o'que significa blackout,0,7,0%,12
qual o tamanho certo de cortina para sala,0,7,0%,19
signorini soluções,0,7,0%,29.57
cortina 2 60 altura,0,6,0%,2.5
altura correta cortina,0,6,0%,2.67
qual altura colocar o varao de cortina,0,6,0%,7.33
quantos centímetros acima da janela colocar a cortina,0,6,0%,9.67
blackout o que e,0,6,0%,10.5
blackout o que é,0,6,0%,12.67
tamanho cortina,0,6,0%,28.67
persianas novo hamburgo,0,6,0%,46
casa da cortina,0,5,0%,1.6
altura da cortina da sala,0,5,0%,4
tecido microfibra para forro de cortina,0,5,0%,8.8
medidas de cortina,0,5,0%,9.4
altura para,0,5,0%,10.2
quantos centímetros o varão tem que ficar acima da janela,0,5,0%,10.2
blackout oq significa,0,5,0%,10.8
medida de cortina,0,5,0%,11
oq é blackoutt,0,5,0%,11.4
bainhas cortinados,0,5,0%,13
cortinas altura,0,5,0%,13.8
bainha cortinados,0,5,0%,14
medidas para instalar varão de cortina,0,5,0%,17
persianas em novo hamburgo,0,5,0%,46
cortina de 3 metros de altura,0,4,0%,2
loja que vende cortina perto de mim,0,4,0%,2.25
altura aproximada de uma cortina,0,4,0%,2.5
oque e blackout,0,4,0%,11.75
oq significa blackout,0,4,0%,12.25
cortina chale,0,4,0%,12.5
tamanho de cortina para quarto,0,4,0%,21.75
loja de persiana,0,4,0%,33.5
persianas rj,0,4,0%,53
loja de persianas,0,4,0%,54.25
forro de cortina blackout,0,3,0%,2.33
persianas,0,3,0%,2.33
cortinas blackout,0,3,0%,3
instalador de cortinas perto de mim,0,3,0%,3.67
cortinas sob medida perto de mim,0,3,0%,4
onde comprar cortina perto de mim,0,3,0%,8
altura certa,0,3,0%,9
medidas de cortina para sala,0,3,0%,10.33
medida de cortinas,0,3,0%,10.67
blackout o que significa,0,3,0%,11.33
guia de cortina,0,3,0%,11.33
cortina normal,0,3,0%,11.67
forro de cortina pronto,0,3,0%,14
medidas cortina,0,3,0%,15
significado de blackout,0,3,0%,19.33
tamanhos de cortinas,0,3,0%,27.33
yendes persianas,0,3,0%,36
cortinas novo hamburgo,0,3,0%,40.67
persianas funcional,0,3,0%,52
loja persianas,0,3,0%,52.67
blackout,0,2,0%,1
cortina 260 altura,0,2,0%,1
persiana,0,2,0%,1
cortinas volta redonda,0,2,0%,1.5
cortinas e persianas perto de mim,0,2,0%,2
persiana perto de mim,0,2,0%,2
forro de cortina microfibra,0,2,0%,3
forro microfibra cortina,0,2,0%,3
linho para cortina,0,2,0%,3
loja de cortina perto de mim,0,2,0%,3
cortina voil com forro,0,2,0%,3.5
agc006 f blackout editorial blog,0,2,0%,4
cortina 2 30 altura,0,2,0%,4
cortina para cortineiro,0,2,0%,5
forro para cortina de varão,0,2,0%,6
cortina em chale,0,2,0%,8
bainha para cortina,0,2,0%,9
o que é blockout,0,2,0%,9
cortina para cabana,0,2,0%,9.5
shine site,0,2,0%,10
tecnica blackout,0,2,0%,10
forro para cortina blackout,0,2,0%,11
blackout oq é,0,2,0%,11.5
cortina ideal,0,2,0%,11.5
tamanho de cortina para sala,0,2,0%,11.5
medidas de cortinas,0,2,0%,12.5
como se escreve blackout,0,2,0%,13
cortinas sob medida,0,2,0%,13.5
tamanho de cortinas,0,2,0%,19.5
tipos de barra de cortina,0,2,0%,21
tamanho da cortina,0,2,0%,27.5
cortina tamanho,0,2,0%,29
persinorte,0,2,0%,31.5
largura ideal cortina,0,2,0%,33
cortinas em novo hamburgo,0,2,0%,38.5
persianas em joão pessoa,0,2,0%,41.5
a que altura se ponen las cortinas,0,2,0%,43.5
persianas campos dos goytacazes,0,2,0%,43.5
a que altura colocar las cortinas,0,2,0%,46
a que altura poner las cortinas,0,2,0%,48.5
blackout que significa,0,2,0%,49
a que altura se dejan las cortinas del suelo,0,2,0%,53.5
persianas rio de janeiro,0,2,0%,54.5
a que altura se colocan las cortinas del techo,0,2,0%,55
persianas na zona norte,0,2,0%,72
"2,50 de altura",0,1,0%,1
altura ideal,0,1,0%,1
altura padrão de apartamento,0,1,0%,1
blog shine,0,1,0%,1
casa das cortinas,0,1,0%,1
corrina,0,1,0%,1
cortia,0,1,0%,1
cortin,0,1,0%,1
cortina 2 80 altura,0,1,0%,1
cortina alta,0,1,0%,1
cortina com 2 60 de altura,0,1,0%,1
cortina de 2 30 de altura,0,1,0%,1
cortina linho,0,1,0%,1
cortina sob medida,0,1,0%,1
cortinagem,0,1,0%,1
cortinas,0,1,0%,1
cortinas 3 metros de altura,0,1,0%,1
cortinas persianas,0,1,0%,1
em altura,0,1,0%,1
fabrica de trilhos para cortinas,0,1,0%,1
instalação de cortinas e persianas,0,1,0%,1
loja que vende trilho de cortina,0,1,0%,1
onde comprar trilho para cortina,0,1,0%,1
para cortina,0,1,0%,1
qual a altura ideal do piso ao teto,0,1,0%,1
sim indique,0,1,0%,1
varão de cortina,0,1,0%,1
altura,0,1,0%,2
altura do chao,0,1,0%,2
altura e comprimento,0,1,0%,2
altura ideal para uma casa,0,1,0%,2
"cortina 2,60 altura",0,1,0%,2
cortina com 2 80 de altura,0,1,0%,2
cortina de linho para quarto,0,1,0%,2
cortina de quarto,0,1,0%,2
cortina para quarto,0,1,0%,2
cortina para sala 3 metros,0,1,0%,2
cortina prega macho,0,1,0%,2
cortina trilho suisso 2 60 altura,0,1,0%,2
cortinas 2 60 altura por 3 00,0,1,0%,2
cortinas e persianas,0,1,0%,2
em linho,0,1,0%,2
loja cortina perto de mim,0,1,0%,2
loja de persiana perto de mim,0,1,0%,2
lojas de cortinas,0,1,0%,2
pano para cortina,0,1,0%,2
persiana blackout,0,1,0%,2
persianas centro,0,1,0%,2
pé direito de apartamento padrão,0,1,0%,2
qual altura de uma casa normal,0,1,0%,2
qual altura padrão de uma casa,0,1,0%,2
qual o tamanho padrão,0,1,0%,2
tecido de linho para cortina,0,1,0%,2
tecido para blackout,0,1,0%,2
varao cortina,0,1,0%,2
altura padrão de uma casa,0,1,0%,3
como escolher varão de cortina,0,1,0%,3
como instalar varão de cortina 2 metros,0,1,0%,3
como instalar varão de cortina no teto,0,1,0%,3
cortina 3 5 metros de altura,0,1,0%,3
cortina blackout 100 vedação,0,1,0%,3
cortina de sala,0,1,0%,3
cortina para cortineiro embutido,0,1,0%,3
cortina para sala 4 metros por 2 80,0,1,0%,3
cortina pesada,0,1,0%,3
forro microfibra para cortina,0,1,0%,3
linho misto para cortina,0,1,0%,3
qual a altura padrão de uma casa,0,1,0%,3
qual é a altura padrão de uma casa,0,1,0%,3
quem é a modelo,0,1,0%,3
varões para cortinados modernos,0,1,0%,3
colocação de cortina,0,1,0%,4
cortina blackout 2 80 altura,0,1,0%,4
cortina de 3 metros de altura por 4 de largura,0,1,0%,4
cortina para sala de 3 m,0,1,0%,4
cortina sob medida perto de mim,0,1,0%,4
cortinas de sala,0,1,0%,4
cortinas de tecido para sala,0,1,0%,4
oxford 3 metros de largura,0,1,0%,4
sh cortinas,0,1,0%,4
tecido para cortinas com 3 metros de largura,0,1,0%,4
varão ajustável 3 metros,0,1,0%,4
varão de cortina 4 metros,0,1,0%,4
blackout timing,0,1,0%,5
cortina para sala 4 metros,0,1,0%,5
cortina sala de estar,0,1,0%,5
cortinas técnicas,0,1,0%,5
instalador de cortinas a domicilio,0,1,0%,5
loja de cortinas prontas perto de mim,0,1,0%,5
lojas de persianas perto de mim,0,1,0%,5
online,0,1,0%,5
quintal,0,1,0%,5
sim,0,1,0%,5
casa de cortina,0,1,0%,6
fazer cortina,0,1,0%,6
instalador de trilho de cortina,0,1,0%,6
lojas de cortinados,0,1,0%,6
montador de cortina,0,1,0%,6
persiana romana,0,1,0%,6
porta 92x210,0,1,0%,6
casa das persianas,0,1,0%,7
cortina 140x200,0,1,0%,7
cortina de trilho,0,1,0%,7
cortina voil bordada com forro,0,1,0%,7
qual é a altura ideal para,0,1,0%,7
lojas que vendem cortinas,0,1,0%,8
altura barra cortina,0,1,0%,9
como calcular tecido para cortina wave,0,1,0%,10
qual a distância que a cortina deve ficar do chão,0,1,0%,10
quantos metro,0,1,0%,10
quero ajuda,0,1,0%,10
shine rio volta redonda,0,1,0%,10
como deve ficar a cortina na sala,0,1,0%,11
como escreve blackout,0,1,0%,11
cortina tamanho padrao,0,1,0%,11
cortina torta,0,1,0%,11
de cortina,0,1,0%,11
forro protector,0,1,0%,11
forros para cortinas,0,1,0%,11
lojas de cortina,0,1,0%,11
o q é blackout,0,1,0%,11
sistema blackout,0,1,0%,11
tamanho de cortina para janela de 2 metros,0,1,0%,11
cortina motorizada,0,1,0%,12
forro microfibra,0,1,0%,12
medidas estándar de cortinas,0,1,0%,12
parede de 3 metros qual tamanho da cortina,0,1,0%,12
cortina padrao,0,1,0%,13
guia para cortina,0,1,0%,13
sheila cortinas,0,1,0%,14
qual tamanho ideal de cortina para quarto,0,1,0%,15
blecaute o que é,0,1,0%,16
medidas de cortinas para sala,0,1,0%,18
medidas para cortinas,0,1,0%,20
qual o lado certo da cortina,0,1,0%,22
tamanhos de cortina,0,1,0%,23
loja de cortinas e persianas,0,1,0%,27
oq é blecaute,0,1,0%,32
tudo sobre cortinas e persianas,0,1,0%,32
o que e blecaute,0,1,0%,34
altura de las cortinas,0,1,0%,35
como deixar o quarto mais escuro,0,1,0%,38
o que é blecaute,0,1,0%,38
o que significa blecaute,0,1,0%,40
altura correcta de las cortinas,0,1,0%,43
loja shine,0,1,0%,45
lojas de persianas,0,1,0%,47
persianas e cortinas,0,1,0%,47
lojas persianas,0,1,0%,49
persianas no rj,0,1,0%,50
cortinas no rio de janeiro,0,1,0%,52
black out que significa,0,1,0%,53
cortinas prontas rj,0,1,0%,53
lojas de cortinas rj,0,1,0%,53
persianas para sala rio de janeiro,0,1,0%,54
persianas no rio de janeiro,0,1,0%,55
persiana ponta grossa,0,1,0%,66